"1.5907437801361084,4175.80,184.30"
"1.5907437801361084,351.40,368.95"
"1.6306374073028564,526.95,553.90"
"1.6306374073028564,702.55,738.95"
"1.6675384044647217,878.20,923.65"
"1.6685357093811035,1054.00,1107.90"
"1.7034423351287842,1230.00,1292.05"
"1.7044398784637451,1406.00,1476.25"
"1.738349437713623,1581.85,1660.70"
"1.738349437713623,1757.35,1845.45"
"1.7742531299591064,1932.70,2030.25"
"1.8091599941253662,2108.10,2214.85"
"1.810157060623169,2283.70,2399.20"
"1.8450636863708496,2459.60,2583.35"
"1.8450636863708496,2635.65,2767.50"
"1.8809678554534912,2811.60,2951.90"
"1.8809678554534912,2987.25,3136.55"
"1.9168717861175537,3162.65,3321.25"
"1.9168717861175537,3337.95,3506.00"
"1.9527757167816162,3513.40,3690.50"
"1.9527757167816162,3513.35,3690.50"
"1.9886796474456787,3513.75,3690.00"
"1.9886796474456787,3514.20,3689.20"
"2.0235862731933594,3514.50,3688.55"
"2.024583578109741,3514.40,3688.50"
"2.05849289894104,3513.90,3689.00"
"2.0943973064422607,3513.25,3689.50"
"2.0943973064422607,3512.85,3689.70"
"2.1293039321899414,3512.90,3689.45"
"2.130300760269165,3513.40,3688.85"
"2.1652073860168457,3514.00,3688.35"
"2.1662046909332275,3514.20,3688.35"
"2.201111316680908,3514.00,3688.75"
"2.201111316680908,3513.40,3689.40"
"2.2370152473449707,3512.85,3689.80"
"2.2370152473449707,3512.70,3689.65"
"2.2719218730926514,3513.05,3689.10"
"2.2729194164276123,3513.65,3688.55"
"2.308824062347412,3514.15,3688.25"
"2.308824062347412,3514.20,3688.45"
"2.3427329063415527,3513.80,3688.95"
"2.3437299728393555,3513.15,3689.45"
"2.378636598587036,3512.80,3689.70"
"2.413543224334717,3512.80,3689.50"
"2.4145405292510986,3513.25,3689.00"
"2.4494471549987793,3513.85,3688.55"
"2.450444459915161,3514.15,3688.50"
"2.485351085662842,3513.95,3688.90"
"2.4863486289978027,3513.40,3689.50"
"2.5212554931640625,3512.85,3689.90"
"2.5212554931640625,3512.70,3689.85"
"2.557158946990967,3513.10,3689.40"
"2.557158946990967,3513.70,3688.90"
"2.5930631160736084,3514.20,3688.55"
"2.5930631160736084,3514.25,3688.75"
"2.628966808319092,3513.80,3689.35"
"2.628966808319092,3513.20,3690.00"
"2.6628761291503906,3512.90,3690.35"
"2.6987810134887695,3513.10,3690.15"
"2.6987810134887695,3513.70,3689.60"
"2.7346842288970947,3514.40,3689.05"
"2.7346842288970947,3514.80,3689.15"
"2.7695908546447754,3514.65,3690.15"
"2.7705883979797363,3514.40,3691.70"
"2.805495023727417,3514.35,3692.65"
"2.8064920902252197,3514.70,3692.45"
"2.8413987159729004,3515.65,3691.30"
"2.8413987159729004,3516.90,3690.45"
"2.877302885055542,3517.80,3690.55"
"2.877302885055542,3518.25,3690.85"
"2.9132068157196045,3518.10,3691.45"
"2.9132068157196045,3518.10,3692.25"
"2.9471161365509033,3518.60,3693.10"
"2.948113441467285,3519.50,3693.60"
"2.9830198287963867,3520.55,3693.35"
"3.018923759460449,3521.70,3693.25"
"3.0199220180511475,3522.50,3693.70"
"3.054827928543091,3522.70,3694.25"
"3.054827928543091,3522.60,3694.60"
"3.0897343158721924,3522.85,3694.80"
"3.0907318592071533,3523.45,3695.40"
"3.125638723373413,3524.40,3695.40"
"3.126635789871216,3525.30,3694.40"
"3.1615424156188965,3525.90,3693.20"
"3.1625397205352783,3526.10,3692.75"
"3.197446346282959,3525.75,3693.55"
"3.197446346282959,3524.95,3695.20"
"3.2333505153656006,3524.40,3696.10"
"3.2333505153656006,3524.45,3695.70"
"3.2672595977783203,3524.90,3695.30"
"3.303163766860962,3525.55,3695.15"
"3.303163766860962,3525.60,3695.05"
"3.3390679359436035,3524.85,3695.00"
"3.3390679359436035,3523.80,3695.10"
"3.374971628189087,3523.05,3695.45"
"3.374971628189087,3522.70,3695.25"
"3.4098782539367676,3522.85,3694.45"
"3.4108753204345703,3523.30,3693.90"
"3.44578218460083,3523.50,3694.00"
"3.446779727935791,3523.00,3694.60"
"3.4816861152648926,3522.00,3694.85"
"3.4816861152648926,3521.00,3695.10"
"3.517590045928955,3520.55,3695.40"
"3.517590045928955,3520.55,3695.30"
"3.552496910095215,3520.80,3695.05"
"3.552496910095215,3521.15,3694.80"
"3.5874035358428955,3521.30,3694.65"
"3.623307466506958,3520.90,3694.90"
"3.6243045330047607,3520.25,3695.40"
"3.6592116355895996,3519.70,3695.75"
"3.6592116355895996,3519.55,3695.60"
"3.695115327835083,3519.80,3695.15"
"3.695115327835083,3520.35,3694.60"
"3.7310192584991455,3520.80,3694.30"
"3.7310192584991455,3520.75,3694.40"
"3.765925884246826,3520.25,3694.95"
"3.766923189163208,3519.60,3695.55"
"3.8018298149108887,3519.20,3695.75"
"3.8028273582458496,3519.35,3695.50"
"3.8377339839935303,3519.85,3695.00"
"3.8377339839935303,3520.45,3694.55"
"3.87164306640625,3520.70,3694.45"
"3.9075472354888916,3520.45,3694.80"
"3.9085445404052734,3519.85,3695.50"
"3.943450927734375,3519.25,3696.10"
"3.943450927734375,3519.15,3696.10"
"3.9793548583984375,3519.55,3695.55"
"3.9793548583984375,3520.20,3694.85"
"4.0152587890625,3520.70,3694.50"
"4.0152587890625,3520.70,3694.80"
"4.051162958145142,3520.25,3695.50"
"4.051162958145142,3519.70,3696.25"
"4.086069583892822,3519.45,3696.55"
"4.087066888809204,3519.60,3696.25"
"4.121973514556885,3520.20,3695.70"
"4.122970819473267,3520.80,3695.25"
"4.156880140304565,3521.05,3695.20"
"4.156880140304565,3520.85,3695.60"
"4.192784309387207,3520.25,3696.25"
"4.227690696716309,3519.75,3696.60"
"4.2286882400512695,3519.65,3696.50"
"4.26359486579895,3520.05,3696.00"
"4.264592170715332,3520.65,3695.50"
"4.299498796463013,3521.15,3695.15"
"4.299498796463013,3521.20,3695.15"
"4.335402727127075,3520.75,3695.55"
"4.335402727127075,3520.15,3696.10"
"4.371306657791138,3519.80,3696.40"
"4.371306657791138,3519.90,3696.30"
"4.406213045120239,3520.45,3695.65"
"4.4072105884552,3521.00,3695.00"
"4.44211745262146,3521.20,3694.75"
"4.443114519119263,3520.90,3695.05"
"4.477024078369141,3520.35,3695.80"
"4.512927770614624,3519.80,3696.40"
"4.512927770614624,3519.70,3696.35"
"4.547834396362305,3520.10,3695.75"
"4.5488317012786865,3520.75,3695.10"
"4.583738327026367,3521.20,3694.80"
"4.584735870361328,3521.15,3695.10"
"4.619642734527588,3520.70,3695.75"
"4.619642734527588,3520.10,3696.30"
"4.655546426773071,3519.80,3696.40"
"4.655546426773071,3519.95,3696.05"
"4.691450834274292,3520.50,3695.55"
"4.691450834274292,3521.10,3695.25"
"4.7263569831848145,3521.35,3695.35"
"4.727354526519775,3521.05,3695.80"
"4.761263608932495,3520.50,3696.30"
"4.761263608932495,3520.00,3696.65"
"4.797167539596558,3519.90,3696.60"
"4.833071708679199,3520.35,3696.15"
"4.833071708679199,3520.95,3695.55"
"4.867978572845459,3521.40,3695.10"
"4.868975639343262,3521.40,3695.10"
"4.903882026672363,3520.90,3695.60"
"4.904879570007324,3520.25,3696.25"
"4.939786195755005,3519.85,3696.50"
"4.939786195755005,3520.05,3696.20"
"4.975689888000488,3520.60,3695.55"
"4.975689888000488,3521.15,3695.00"
"5.01159405708313,3521.35,3695.00"
"5.01159405708313,3521.10,3695.45"
"5.047497987747192,3520.50,3696.10"
"5.047497987747192,3519.95,3696.45"
"5.081407308578491,3519.80,3696.25"
"5.116313934326172,3520.15,3695.65"
"5.117311239242554,3520.80,3695.00"
"5.153215169906616,3521.25,3694.70"
"5.153215169906616,3521.20,3694.90"
"5.188121795654297,3520.70,3695.45"
"5.189119577407837,3520.00,3695.95"
"5.224026203155518,3519.65,3696.15"
"5.22502326965332,3519.75,3695.85"
"5.259929895401001,3520.25,3695.30"
"5.259929895401001,3520.85,3694.85"
"5.2958338260650635,3521.10,3694.80"
"5.2958338260650635,3520.80,3695.15"
"5.331737518310547,3520.15,3695.70"
"5.331737518310547,3519.60,3696.10"
"5.365647077560425,3519.45,3696.05"
"5.366644382476807,3519.85,3695.55"
"5.401551008224487,3520.40,3695.00"
"5.437455177307129,3520.80,3694.70"
"5.437455177307129,3520.80,3694.90"
"5.473359107971191,3520.30,3695.45"
"5.473359107971191,3519.70,3696.00"
"5.508265495300293,3519.35,3696.25"
"5.509263038635254,3519.45,3696.05"
"5.5441694259643555,3520.00,3695.50"
"5.545166969299316,3520.60,3695.05"
"5.580073595046997,3520.85,3695.05"
"5.580073595046997,3520.55,3695.45"
"5.61597752571106,3520.00,3696.05"
"5.61597752571106,3519.50,3696.40"
"5.651881456375122,3519.40,3696.30"
"5.651881456375122,3519.80,3695.80"
"5.686788082122803,3520.45,3695.30"
"5.721694707870483,3520.95,3695.00"
"5.721694707870483,3521.00,3695.15"
"5.757598638534546,3520.60,3695.60"
"5.757598638534546,3520.00,3696.15"
"5.793503046035767,3519.70,3696.30"
"5.793503046035767,3519.85,3696.00"
"5.828409194946289,3520.35,3695.40"
"5.82940673828125,3520.95,3695.00"
"5.864313125610352,3521.15,3694.95"
"5.8653106689453125,3520.85,3695.25"
"5.900217056274414,3520.30,3695.75"
"5.901214838027954,3519.80,3696.15"
"5.936120986938477,3519.70,3696.05"
"5.936120986938477,3520.10,3695.60"
"5.9700305461883545,3520.75,3695.05"
"5.971028089523315,3521.20,3694.80"
"6.005934238433838,3521.20,3695.05"
"6.0418384075164795,3520.75,3695.60"
"6.0418384075164795,3520.15,3696.15"
"6.077742338180542,3519.80,3696.30"
"6.078739881515503,3519.95,3696.05"
"6.112649440765381,3520.50,3695.50"
"6.113646507263184,3521.05,3695.10"
"6.148553371429443,3521.25,3695.00"
"6.149550676345825,3521.00,3695.40"
"6.184457063674927,3520.40,3696.00"
"6.185454368591309,3519.90,3696.40"
"6.220360994338989,3519.85,3696.30"
"6.22135853767395,3520.25,3695.80"
"6.256264925003052,3520.90,3695.30"
"6.257262945175171,3521.30,3695.10"
"6.291171550750732,3521.25,3695.30"
"6.326078176498413,3520.75,3695.90"
"6.327075481414795,3520.10,3696.40"
"6.361982107162476,3519.75,3696.55"
"6.361982107162476,3519.85,3696.25"
"6.397886037826538,3520.35,3695.65"
"6.397886037826538,3520.90,3695.25"
"6.433789968490601,3521.15,3695.15"
"6.433789968490601,3520.90,3695.50"
"6.469693899154663,3520.30,3696.05"
"6.469693899154663,3519.80,3696.40"
"6.504600524902344,3519.70,3696.30"
"6.505598306655884,3520.10,3695.85"
"6.540504693984985,3520.70,3695.25"
"6.541501998901367,3521.15,3694.95"
"6.575411796569824,3521.15,3695.10"
"6.575411796569824,3520.65,3695.55"
"6.6113152503967285,3520.00,3696.05"
"6.646221876144409,3519.65,3696.20"
"6.647219181060791,3519.80,3695.85"
"6.682125806808472,3520.40,3695.30"
"6.6831231117248535,3521.00,3694.85"
"6.718029737472534,3521.25,3694.80"
"6.718029737472534,3520.95,3695.20"
"6.753933906555176,3520.40,3695.75"
"6.753933906555176,3519.90,3696.15"
"6.7898383140563965,3519.80,3696.05"
"6.7898383140563965,3520.15,3695.65"
"6.82474422454834,3520.75,3695.15"
"6.825741767883301,3521.15,3694.90"
"6.860648155212402,3521.10,3695.15"
"6.861645936965942,3520.65,3695.70"
"6.895555019378662,3520.05,3696.20"
"6.9314587116241455,3519.70,3696.40"
"6.9314587116241455,3519.90,3696.10"
"6.966365337371826,3520.45,3695.60"
"6.967362880706787,3521.00,3695.25"
"7.002269506454468,3521.25,3695.25"
"7.003267049789429,3520.95,3695.65"
"7.03817343711853,3520.30,3696.25"
"7.03817343711853,3519.75,3696.60"
"7.074077844619751,3519.65,3696.50"
"7.074077844619751,3520.00,3696.00"
"7.1089842319488525,3520.65,3695.45"
"7.1099817752838135,3521.05,3695.25"
"7.144888162612915,3521.00,3695.45"
"7.145885467529297,3520.50,3696.00"
"7.179794788360596,3519.90,3696.50"
"7.179794788360596,3519.55,3696.65"
"7.215698719024658,3519.70,3696.35"
"7.250605344772339,3520.25,3695.75"
"7.251602649688721,3520.80,3695.30"
"7.286509275436401,3521.00,3695.30"
"7.287506580352783,3520.70,3695.65"
"7.322413206100464,3520.10,3696.20"
"7.322413206100464,3519.55,3696.55"
"7.358317136764526,3519.45,3696.45"
"7.358317136764526,3519.85,3695.95"
"7.394221067428589,3520.50,3695.40"
"7.394221067428589,3521.00,3695.15"
"7.4301252365112305,3521.00,3695.35"
"7.4301252365112305,3520.55,3695.90"
"7.465031623840332,3520.00,3696.45"
"7.466029167175293,3519.65,3696.60"
"7.499938249588013,3519.80,3696.25"
"7.535842657089233,3520.35,3695.65"
"7.535842657089233,3520.95,3695.15"
"7.570749044418335,3521.15,3695.10"
"7.571746349334717,3520.85,3695.50"
"7.6066529750823975,3520.30,3696.10"
"7.607650279998779,3519.75,3696.50"
"7.642557144165039,3519.65,3696.40"
"7.643555164337158,3520.05,3695.90"
"7.678461074829102,3520.65,3695.40"
"7.678461074829102,3521.05,3695.15"
"7.714364767074585,3521.00,3695.30"
"7.714364767074585,3520.50,3695.80"
"7.7502686977386475,3519.90,3696.35"
"7.7502686977386475,3519.60,3696.50"
"7.784178018569946,3519.75,3696.15"
"7.785175561904907,3520.25,3695.55"
"7.820081949234009,3520.80,3695.05"
"7.855985879898071,3521.00,3695.00"
"7.856984376907349,3520.70,3695.40"
"7.891889810562134,3520.15,3696.00"
"7.891889810562134,3519.65,3696.40"
"7.926796913146973,3519.55,3696.35"
"7.927793979644775,3519.95,3695.90"
"7.962700605392456,3520.60,3695.35"
"7.963697910308838,3521.00,3695.10"
"7.9986045360565186,3520.95,3695.35"
"7.9986045360565186,3520.45,3695.90"
"8.034508466720581,3519.85,3696.45"
"8.035506963729858,3519.60,3696.60"
"8.070412635803223,3519.80,3696.30"
"8.070412635803223,3520.40,3695.80"
"8.104321718215942,3521.00,3695.35"
"8.140225887298584,3521.20,3695.30"
"8.140225887298584,3520.85,3695.70"
"8.176131963729858,3520.30,3696.25"
"8.177128314971924,3519.80,3696.65"
"8.212034225463867,3519.75,3696.60"
"8.213031530380249,3520.15,3696.15"
"8.24793791770935,3520.80,3695.65"
"8.24793791770935,3521.20,3695.45"
"8.282844066619873,3521.15,3695.70"
"8.283841848373413,3520.65,3696.20"
"8.318748235702515,3520.05,3696.70"
"8.319745540618896,3519.70,3696.85"
"8.354652166366577,3519.90,3696.55"
"8.354652166366577,3520.45,3695.95"
"8.388561487197876,3521.00,3695.55"
"8.389558792114258,3521.20,3695.50"
"8.424465417861938,3520.85,3695.95"
"8.460369348526001,3520.20,3696.55"
"8.460369348526001,3519.65,3696.90"
"8.496273517608643,3519.55,3696.85"
"8.496273517608643,3519.95,3696.40"
"8.531180143356323,3520.60,3695.90"
"8.532177448272705,3521.00,3695.70"
"8.567084074020386,3521.00,3695.90"
"8.568081617355347,3520.50,3696.45"
"8.60298776626587,3519.90,3696.95"
"8.60398530960083,3519.60,3697.05"
"8.638891696929932,3519.85,3696.65"
"8.639890193939209,3520.40,3696.05"
"8.674796104431152,3521.00,3695.65"
"8.674796104431152,3521.20,3695.65"
"8.708704948425293,3520.90,3696.05"
"8.744609355926514,3520.25,3696.55"
"8.745606422424316,3519.75,3696.90"
"8.780513525009155,3519.75,3696.75"
"8.781511068344116,3520.15,3696.30"
"8.816417217254639,3520.80,3695.70"
"8.817415475845337,3521.30,3695.45"
"8.85232138633728,3521.25,3695.65"
"8.85232138633728,3520.80,3696.20"
"8.887227773666382,3520.25,3696.65"
"8.888225078582764,3519.95,3696.75"
"8.923131704330444,3520.20,3696.40"
"8.924129009246826,3520.70,3695.80"
"8.959035873413086,3521.25,3695.35"
"8.959035873413086,3521.45,3695.35"
"8.993942260742188,3521.15,3695.75"
"8.993942260742188,3520.55,3696.35"
"9.02984619140625,3520.10,3696.65"
"9.06475305557251,3520.05,3696.55"
"9.06575059890747,3520.50,3696.00"
"9.100656986236572,3521.15,3695.50"
"9.100656986236572,3521.60,3695.30"
"9.136560916900635,3521.55,3695.50"
"9.136560916900635,3521.05,3696.05"
"9.171467542648315,3520.45,3696.50"
"9.172464847564697,3520.15,3696.65"
"9.208369016647339,3520.30,3696.35"
"9.208369016647339,3520.85,3695.80"
"9.243275165557861,3521.40,3695.35"
"9.243275165557861,3521.55,3695.35"
"9.279179811477661,3521.20,3695.75"
"9.279179811477661,3520.55,3696.35"
"9.31308889389038,3520.05,3696.70"
"9.348992586135864,3519.95,3696.55"
"9.349989891052246,3520.35,3696.00"
"9.384896516799927,3520.95,3695.45"
"9.384896516799927,3521.35,3695.20"
"9.42080044746399,3521.25,3695.45"
"9.42179822921753,3520.70,3696.00"
"9.45670461654663,3520.00,3696.55"
"9.45670461654663,3519.65,3696.65"
"9.491611242294312,3519.85,3696.25"
"9.492608785629272,3520.40,3695.65"
"9.527515172958374,3520.95,3695.25"
"9.528512477874756,3520.95,3695.20"
"9.563419342041016,3520.25,3695.60"
"9.564416885375977,3519.40,3696.60"
"9.598325967788696,3519.25,3697.70"
"9.599324226379395,3519.65,3697.95"
"9.634230136871338,3520.45,3697.35"
"9.66913628578186,3521.60,3696.65"
"9.670134544372559,3522.60,3696.50"
"9.705040216445923,3523.10,3697.00"
"9.706037759780884,3523.15,3698.00"
"9.740944147109985,3523.35,3699.30"
"9.740944147109985,3524.30,3699.75"
"9.776848793029785,3525.95,3698.15"
"9.776848793029785,3528.15,3696.20"
"9.81275224685669,3530.45,3695.75"
"9.81275224685669,3532.10,3696.50"
"9.84765911102295,3532.95,3697.25"
"9.848656177520752,3533.25,3698.50"
"9.883562803268433,3533.75,3700.55"
"9.884560108184814,3534.70,3702.70"
"9.918469429016113,3536.50,3704.55"
"9.953376293182373,3538.80,3706.10"
"9.954373359680176,3540.55,3708.45"
"9.989280223846436,3540.80,3711.90"
"9.990277528762817,3540.05,3716.45"
"10.025183916091919,3539.25,3721.05"
"10.025183916091919,3538.75,3724.25"
"10.06108808517456,3538.75,3725.70"
"10.06108808517456,3539.10,3726.45"
"10.096992015838623,3539.50,3727.35"
"10.096992015838623,3539.65,3728.80"
"10.131898641586304,3539.40,3731.20"
"10.132895946502686,3539.40,3734.75"
"10.167802572250366,3539.35,3735.75"
"10.168800115585327,3539.35,3733.65"
"10.202708959579468,3539.70,3730.55"
"10.203706741333008,3540.10,3728.05"
"10.238613367080688,3540.50,3725.60"
"10.273519515991211,3540.95,3722.00"
"10.274517059326172,3541.60,3717.60"
"10.309423923492432,3541.80,3712.60"
"10.309423923492432,3542.05,3706.95"
"10.345327615737915,3542.80,3699.75"
"10.345327615737915,3544.35,3691.30"
"10.381231546401978,3546.40,3682.55"
"10.382229328155518,3548.35,3674.50"
"10.41713571548462,3549.90,3668.10"
"10.41713571548462,3550.90,3662.95"
"10.453039646148682,3551.90,3658.05"
"10.453039646148682,3553.10,3652.70"
"10.4879469871521,3554.45,3646.95"
"10.488944053649902,3555.55,3641.25"
"10.522852897644043,3555.70,3636.35"
"10.558756589889526,3555.40,3634.30"
"10.558756589889526,3555.00,3633.45"
"10.593663454055786,3554.90,3632.50"
"10.594661235809326,3555.55,3631.35"
"10.629567384719849,3556.60,3630.25"
"10.63056468963623,3557.40,3629.75"
"10.665471315383911,3557.40,3629.75"
"10.665471315383911,3557.20,3631.30"
"10.701375246047974,3556.60,3635.20"
"10.701375246047974,3555.95,3640.10"
"10.737279415130615,3555.40,3645.00"
"10.737279415130615,3555.20,3649.85"
"10.772186517715454,3555.55,3653.90"
"10.773183584213257,3556.35,3656.30"
"10.807092428207397,3556.90,3657.20"
"10.808089971542358,3556.80,3658.60"
"10.842996835708618,3555.90,3661.25"
"10.878900527954102,3554.20,3664.15"
"10.878900527954102,3552.35,3665.50"
"10.913807153701782,3550.70,3666.20"
"10.914804697036743,3549.50,3667.95"
"10.949711561203003,3548.20,3671.00"
"10.950708389282227,3546.70,3674.40"
"10.985615015029907,3544.70,3678.05"
"10.987610816955566,3542.30,3681.70"
"11.021519184112549,3540.05,3684.85"
"11.021519184112549,3538.40,3687.55"
"11.057423114776611,3537.20,3689.15"
"11.057423114776611,3536.30,3689.20"
"11.093327522277832,3535.20,3688.80"
"11.094325065612793,3533.60,3688.75"
"11.127236604690552,3531.35,3688.60"
"11.163140058517456,3528.70,3688.90"
"11.163140058517456,3525.90,3690.30"
"11.199043989181519,3523.85,3693.00"
"11.200041770935059,3522.60,3695.45"
"11.2339506149292,3521.80,3697.10"
"11.23494815826416,3521.00,3698.55"
"11.26985502243042,3519.85,3701.50"
"11.270852327346802,3518.65,3704.90"
"11.305758953094482,3517.60,3706.80"
"11.306756258010864,3517.10,3707.45"
"11.341662645339966,3516.95,3707.85"
"11.342660427093506,3516.95,3708.05"
"11.377567052841187,3517.00,3708.20"
"11.378564834594727,3516.30,3708.95"
"11.411475896835327,3515.10,3710.00"
"11.412473440170288,3513.85,3710.90"
"11.447380065917969,3512.75,3711.35"
"11.483283996582031,3512.25,3711.35"
"11.483283996582031,3512.15,3710.80"
"11.519187927246094,3512.20,3710.20"
"11.519187927246094,3511.55,3709.95"
"11.555092096328735,3510.35,3710.05"
"11.555092096328735,3508.80,3710.10"
"11.590996026992798,3507.25,3709.35"
"11.590996026992798,3506.15,3707.45"
"11.625902652740479,3505.65,3704.90"
"11.626899719238281,3505.25,3702.00"
"11.66280460357666,3504.25,3699.20"
"11.663801908493042,3502.30,3696.80"
"11.698709726333618,3499.75,3694.40"
"11.699706554412842,3496.85,3691.45"
"11.731619596481323,3493.75,3687.50"
"11.767524242401123,3490.60,3682.75"
"11.768521308898926,3487.80,3678.00"
"11.803427696228027,3484.80,3673.20"
"11.803427696228027,3481.00,3668.20"
"11.839332103729248,3476.25,3663.20"
"11.839332103729248,3470.35,3658.40"
"11.875235557556152,3464.20,3653.75"
"11.875235557556152,3457.60,3648.25"
"11.910142183303833,3450.75,3641.45"
"11.911139488220215,3443.20,3633.30"
"11.946046113967896,3435.05,3625.40"
"11.947043657302856,3426.35,3617.90"
"11.981950521469116,3416.75,3610.35"
"11.982947826385498,3407.05,3602.50"
"12.016856908798218,3397.70,3594.15"
"12.016856908798218,3388.95,3584.90"
"12.05276083946228,3380.70,3575.10"
"12.087667226791382,3372.10,3566.05"
"12.088664531707764,3363.10,3557.90"
"12.123571157455444,3354.05,3550.95"
"12.123571157455444,3345.00,3544.75"
"12.159475326538086,3336.20,3537.70"
"12.160473108291626,3327.85,3529.90"
"12.195379257202148,3319.95,3522.00"
"12.195379257202148,3312.05,3514.05"
"12.230285882949829,3304.15,3506.15"
"12.231283187866211,3295.90,3498.65"
"12.266189813613892,3288.40,3492.00"
"12.267187356948853,3282.20,3486.60"
"12.302093744277954,3277.00,3482.05"
"12.303091287612915,3272.40,3476.45"
"12.337000370025635,3268.05,3469.80"
"12.372904539108276,3263.95,3464.35"
"12.372904539108276,3259.05,3459.80"
"12.407811164855957,3253.95,3455.40"
"12.408809661865234,3249.15,3450.95"
"12.44371509552002,3244.65,3446.00"
"12.44371509552002,3241.00,3438.65"
"12.479618787765503,3238.20,3429.35"
"12.479618787765503,3235.30,3419.45"
"12.515523195266724,3231.85,3410.25"
"12.515523195266724,3227.30,3402.55"
"12.551426887512207,3222.00,3394.75"
"12.551426887512207,3217.00,3384.90"
"12.586333513259888,3213.05,3374.20"
"12.58733081817627,3209.25,3365.95"
"12.621240139007568,3205.05,3359.95"
"12.621240139007568,3199.85,3354.85"
"12.65714430809021,3194.15,3347.75"
"12.69205093383789,3188.45,3338.95"
"12.693048238754272,3182.85,3330.30"
"12.727954626083374,3177.15,3321.05"
"12.728952169418335,3171.80,3308.00"
"12.763858795166016,3166.35,3292.05"
"12.764856338500977,3159.65,3276.70"
"12.799762964248657,3150.70,3263.80"
"12.799762964248657,3140.20,3253.80"
"12.83566665649414,3128.70,3246.80"
"12.83566665649414,3117.00,3240.75"
"12.870573282241821,3106.10,3232.75"
"12.871570587158203,3096.25,3221.65"
"12.906477212905884,3087.50,3208.75"
"12.907474756240845,3078.65,3197.10"
"12.941384315490723,3068.55,3187.60"
"12.977287769317627,3057.45,3177.65"
"12.977287769317627,3046.20,3163.55"
"13.012194395065308,3035.05,3146.75"
"13.01319169998169,3023.90,3129.10"
"13.04809856414795,3012.25,3112.90"
"13.049095630645752,3000.15,3098.25"
"13.084002256393433,2987.50,3083.55"
"13.084002256393433,2974.50,3069.40"
"13.119906425476074,2960.95,3058.65"
"13.119906425476074,2947.50,3051.50"
"13.154813051223755,2934.75,3044.35"
"13.155810356140137,2923.70,3035.00"
"13.190717220306396,2913.55,3023.05"
"13.191714525222778,2903.80,3010.30"
"13.225623607635498,2893.35,2998.30"
"13.226621150970459,2882.05,2987.95"
"13.26152753829956,2870.20,2978.80"
"13.297431468963623,2858.45,2969.80"
"13.297431468963623,2847.60,2960.70"
"13.333335876464844,2838.05,2951.90"
"13.333335876464844,2828.70,2944.30"
"13.368242263793945,2819.50,2938.60"
"13.369239568710327,2810.45,2933.80"
"13.404146194458008,2802.25,2928.90"
"13.404146194458008,2794.70,2924.20"
"13.44005012512207,2787.85,2919.70"
"13.44005012512207,2781.75,2915.65"
"13.47595477104187,2776.40,2912.75"
"13.47595477104187,2771.45,2910.05"
"13.510860443115234,2766.65,2906.70"
"13.511857986450195,2762.20,2903.25"
"13.545767545700073,2758.05,2900.10"
"13.581671953201294,2754.80,2897.20"
"13.582669734954834,2752.15,2893.65"
"13.617575883865356,2750.25,2889.85"
"13.618573427200317,2748.70,2886.85"
"13.6524817943573,2747.10,2885.15"
"13.653479099273682,2744.90,2884.15"
"13.688385725021362,2742.30,2882.80"
"13.689383268356323,2739.90,2881.55"
"13.724289894104004,2738.55,2881.25"
"13.725287675857544,2738.60,2880.95"
"13.760193586349487,2739.50,2880.20"
"13.760193586349487,2740.55,2880.80"
"13.796097993850708,2741.70,2883.00"
"13.796097993850708,2742.80,2886.30"
"13.830007076263428,2744.30,2890.20"
"13.83100438117981,2746.70,2894.45"
"13.86690878868103,2750.75,2899.20"
"13.901815414428711,2756.50,2904.45"
"13.901815414428711,2763.60,2911.00"
"13.936721563339233,2771.15,2918.55"
"13.937718868255615,2779.00,2926.70"
"13.973622798919678,2787.25,2935.95"
"13.973622798919678,2796.25,2946.55"
"14.008529424667358,2806.50,2957.15"
"14.00952696800232,2818.35,2966.65"
"14.044433355331421,2831.90,2975.10"
"14.045430898666382,2846.35,2985.20"
"14.080337524414062,2860.30,2998.50"
"14.080337524414062,2873.85,3013.05"
"14.116241455078125,2886.95,3028.00"
"14.117238759994507,2901.25,3042.80"
"14.150150775909424,2916.95,3056.30"
"14.186054706573486,2933.50,3068.90"
"14.186054706573486,2950.35,3081.90"
"14.221960306167603,2966.85,3095.10"
"14.222957134246826,2982.95,3106.65"
"14.257862567901611,2998.75,3117.00"
"14.257862567901611,3014.10,3126.40"
"14.292769193649292,3029.20,3133.95"
"14.293766736984253,3044.70,3140.75"
"14.329670667648315,3059.50,3149.00"
"14.329670667648315,3073.15,3159.90"
"14.364577293395996,3085.25,3172.95"
"14.365574359893799,3096.55,3187.40"
"14.40048098564148,3106.80,3203.10"
"14.40048098564148,3116.30,3221.10"
"14.434390306472778,3125.80,3239.05"
"14.43538784980774,3135.80,3254.55"
"14.47029423713684,3146.00,3268.00"
"14.506198167800903,3156.05,3281.15"
"14.506198167800903,3164.50,3295.60"
"14.542102336883545,3171.60,3310.10"
"14.543099880218506,3178.80,3321.95"
"14.578006267547607,3187.30,3331.45"
"14.578006267547607,3195.90,3343.60"
"14.61391019821167,3203.65,3359.75"
"14.61391019821167,3210.20,3376.25"
"14.64881682395935,3217.45,3390.90"
"14.64981460571289,3225.00,3408.60"
"14.684720993041992,3231.85,3429.95"
"14.685718297958374,3239.70,3450.90"
"14.720624923706055,3249.85,3467.15"
"14.721622705459595,3262.05,3480.05"
"14.755532026290894,3274.35,3495.00"
"14.790438175201416,3286.35,3512.25"
"14.791435480117798,3298.70,3528.70"
"14.826342105865479,3311.90,3543.85"
"14.826342105865479,3326.25,3560.30"
"14.862245798110962,3341.45,3579.90"
"14.862245798110962,3358.05,3600.65"
"14.898149967193604,3376.75,3621.45"
"14.898149967193604,3397.05,3644.20"
"14.934053897857666,3417.55,3671.35"
"14.935051679611206,3436.70,3701.30"
"14.968960523605347,3455.90,3729.45"
"14.969957828521729,3475.80,3755.70"
"15.005862712860107,3497.25,3782.70"
"15.006860256195068,3519.00,3812.35"
"15.039771318435669,3541.65,3840.15"
"15.039771318435669,3566.20,3864.05"
"15.075675249099731,3592.85,3885.30"
"15.11158013343811,3620.55,3908.00"
"15.112577438354492,3648.65,3932.95"
"15.146486043930054,3677.70,3955.45"
"15.147483348846436,3707.75,3973.90"
"15.182389736175537,3736.70,3990.35"
"15.182389736175537,3763.35,4007.95"
"15.21829342842102,3788.25,4025.35"
"15.21829342842102,3812.35,4040.80"
"15.254197835922241,3835.65,4055.30"
"15.254197835922241,3858.20,4069.00"
"15.289104461669922,3879.85,4081.25"
"15.290101528167725,3900.45,4091.95"
"15.325008153915405,3920.60,4102.30"
"15.326005697250366,3939.85,4112.10"
"15.359915018081665,3958.15,4121.50"
"15.395818948745728,3975.25,4130.40"
"15.395818948745728,3991.55,4138.50"
"15.430725336074829,4007.20,4145.85"
"15.43172311782837,4021.50,4154.55"
"15.466629266738892,4032.50,4166.85"
"15.467626810073853,4041.00,4180.10"
"15.502533674240112,4048.00,4191.15"
"15.503530979156494,4054.60,4200.20"
"15.538437366485596,4061.35,4210.35"
"15.538437366485596,4068.05,4224.05"
"15.573343992233276,4075.15,4237.25"
"15.574341297149658,4083.30,4248.35"
"15.609248161315918,4092.00,4259.20"
"15.6102454662323,4099.85,4270.75"
"15.64415454864502,4105.75,4283.05"
"15.64415454864502,4110.25,4295.30"
"15.680058717727661,4114.75,4306.65"
"15.715962648391724,4120.50,4316.15"
"15.715962648391724,4127.95,4324.60"
"15.750869274139404,4137.05,4332.10"
"15.751866817474365,4147.20,4340.35"
"15.786773681640625,4157.10,4350.45"
"15.787771701812744,4166.25,4362.40"
"15.822677612304688,4176.45,4374.05"
"15.822677612304688,4189.45,4383.85"
"15.858581304550171,4203.30,4393.55"
"15.858581304550171,4217.20,4405.15"
"15.894485473632812,4229.75,4419.50"
"15.894485473632812,4241.45,4435.00"
"15.929391622543335,4253.65,4448.20"
"15.930388927459717,4266.15,4460.40"
"15.964298486709595,4278.00,4473.15"
"15.999205112457275,4289.35,4484.95"
"16.000202178955078,4301.30,4494.50"
"16.03510880470276,4314.70,4502.35"
"16.03610634803772,4328.90,4511.50"
"16.0710129737854,4342.25,4524.00"
"16.072010278701782,4355.10,4538.95"
"16.106916904449463,4367.85,4555.65"
"16.107914924621582,4380.80,4574.35"
"16.142820835113525,4392.90,4592.65"
"16.142820835113525,4404.80,4609.75"
"16.1787269115448,4416.70,4624.75"
"16.180721759796143,4428.25,4637.80"
"16.21462917327881,4439.05,4651.45"
"16.21462917327881,4450.00,4666.15"
"16.248538494110107,4461.70,4680.75"
"16.248538494110107,4474.75,4695.10"
"16.28444218635559,4488.15,4710.50"
"16.31934881210327,4501.70,4728.70"
"16.320346117019653,4516.35,4750.05"
"16.355252504348755,4532.60,4773.95"
"16.356250047683716,4550.20,4799.75"
"16.391156435012817,4568.15,4827.50"
"16.392154216766357,4587.05,4856.05"
"16.427061080932617,4607.25,4883.40"
"16.427061080932617,4629.65,4908.35"
"16.46296453475952,4652.25,4932.25"
"16.46296453475952,4673.75,4956.05"
"16.498868703842163,4694.25,4979.75"
"16.499866008758545,4715.80,5003.95"
"16.534772396087646,4738.80,5028.00"
"16.534772396087646,4761.70,5052.85"
"16.568681716918945,4782.65,5079.20"
"16.604585647583008,4802.05,5104.95"
"16.604585647583008,4820.30,5128.50"
"16.64048981666565,4837.35,5150.10"
"16.64048981666565,4853.40,5170.65"
"16.676393747329712,4868.90,5190.00"
"16.676393747329712,4885.20,5206.90"
"16.711300373077393,4902.50,5220.75"
"16.712297677993774,4918.30,5232.35"
"16.747204780578613,4931.40,5242.85"
"16.748202085494995,4942.40,5252.95"
"16.783108949661255,4951.20,5263.85"
"16.783108949661255,4958.35,5276.05"
"16.81901216506958,4964.15,5289.15"
"16.81901216506958,4969.25,5301.80"
"16.852921724319458,4974.25,5314.05"
"16.85391879081726,4979.10,5326.55"
"16.88882541656494,4982.45,5339.05"
"16.924729585647583,4984.20,5351.25"
"16.924729585647583,4985.75,5362.85"
"16.960633516311646,4988.90,5373.90"
"16.960633516311646,4992.85,5383.70"
"16.995539903640747,4997.35,5392.90"
"16.996537685394287,5002.10,5401.55"
"17.03144407272339,5006.15,5408.40"
"17.03244137763977,5009.60,5412.95"
"17.06734800338745,5011.35,5416.15"
"17.06834602355957,5010.35,5418.00"
"17.103252172470093,5009.35,5417.95"
"17.103252172470093,5009.55,5416.50"
"17.139156341552734,5010.85,5414.70"
"17.139156341552734,5012.25,5412.75"
"17.173065423965454,5012.95,5410.70"
"17.208969116210938,5013.80,5408.55"
"17.208969116210938,5014.15,5405.80"
"17.24487328529358,5014.30,5401.55"
"17.24487328529358,5014.20,5394.55"
"17.28077721595764,5014.15,5386.15"
"17.28177547454834,5014.50,5377.15"
"17.3156840801239,5014.75,5367.70"
"17.316681146621704,5013.05,5357.90"
"17.351587533950806,5008.45,5348.05"
"17.352585077285767,5001.65,5338.15"
"17.387491703033447,4994.05,5327.95"
"17.387491703033447,4987.60,5318.40"
"17.42339563369751,4982.15,5310.15"
"17.42339563369751,4976.85,5303.50"
"17.45830249786377,4970.85,5298.80"
"17.45830249786377,4964.05,5296.00"
"17.49320912361145,4956.70,5293.85"
"17.529112815856934,4950.00,5290.45"
"17.529112815856934,4943.90,5284.65"
"17.565016984939575,4938.00,5275.85"
"17.565016984939575,4931.00,5264.20"
"17.599923372268677,4923.90,5251.80"
"17.600920915603638,4916.30,5239.40"
"17.63582754135132,4907.55,5228.05"
"17.6368248462677,4897.15,5217.05"
"17.67173147201538,4886.00,5206.30"
"17.672728776931763,4874.65,5195.50"
"17.707635641098022,4865.10,5184.60"
"17.707635641098022,4857.20,5174.35"
"17.743539571762085,4849.35,5164.60"
"17.743539571762085,4840.70,5155.25"
"17.777448654174805,4830.95,5145.20"
"17.813352823257446,4820.50,5134.05"
"17.814350366592407,4810.85,5121.20"
"17.84925651550293,4802.50,5106.80"
"17.85025405883789,4794.25,5091.45"
"17.885160446166992,4785.30,5076.25"
"17.885160446166992,4774.75,5062.10"
"17.920067071914673,4763.55,5049.60"
"17.921064615249634,4752.55,5038.80"
"17.955971479415894,4742.10,5029.60"
"17.956968784332275,4732.20,5021.40"
"17.991875171661377,4723.50,5013.30"
"17.99287247657776,4715.60,5004.70"
"18.02777910232544,4708.55,4994.75"
"18.02777910232544,4700.60,4983.90"
"18.06168842315674,4691.85,4973.00"
"18.06368327140808,4681.50,4962.00"
"18.0975923538208,4671.20,4950.40"
"18.133496284484863,4662.60,4938.45"
"18.133496284484863,4655.15,4927.00"
"18.169400215148926,4647.75,4916.85"
"18.169400215148926,4640.00,4908.20"
"18.205304384231567,4631.50,4900.65"
"18.205304384231567,4622.65,4893.65"
"18.24120831489563,4613.85,4886.05"
"18.24120831489563,4605.90,4877.80"
"18.27611494064331,4599.20,4869.00"
"18.277112245559692,4592.95,4859.70"
"18.312018632888794,4586.35,4849.90"
"18.313016414642334,4579.30,4839.60"
"18.347922801971436,4571.35,4829.00"
"18.348920345306396,4562.40,4818.80"
"18.382829427719116,4553.55,4809.25"
"18.417736053466797,4545.80,4800.90"
"18.41873335838318,4538.95,4793.20"
"18.453640460968018,4532.20,4786.00"
"18.45463728904724,4525.20,4779.30"
"18.489543914794922,4517.60,4773.30"
"18.489543914794922,4509.30,4767.65"
"18.525447845458984,4501.25,4761.40"
"18.525447845458984,4493.55,4754.75"
"18.560354471206665,4486.10,4747.70"
"18.561352014541626,4478.80,4740.65"
"18.596258640289307,4471.10,4733.65"
"18.59725594520569,4462.35,4726.70"
"18.63216280937195,4453.05,4719.65"
"18.63316011428833,4443.10,4711.90"
"18.66706919670105,4433.35,4703.10"
"18.668067455291748,4424.50,4693.30"
"18.70197582244873,4415.35,4682.85"
"18.737879753112793,4405.40,4672.15"
"18.738877296447754,4394.90,4661.05"
"18.773783922195435,4383.15,4649.15"
"18.773783922195435,4369.95,4636.65"
"18.809687614440918,4355.55,4623.55"
"18.809687614440918,4340.40,4609.40"
"18.84559178352356,4324.60,4594.50"
"18.84658980369568,4308.50,4578.50"
"18.88049817085266,4291.70,4561.75"
"18.881495475769043,4273.80,4544.70"
"18.916402101516724,4255.25,4527.05"
"18.917399644851685,4236.20,4508.50"
"18.952306270599365,4216.80,4488.95"
"18.953303813934326,4197.70,4468.70"
"18.987213134765625,4179.20,4448.70"
"19.022119522094727,4160.10,4429.00"
"19.02311682701111,4139.90,4409.65"
"19.05802345275879,4118.30,4390.45"
"19.05902075767517,4095.50,4371.20"
"19.09392738342285,4072.85,4351.40"
"19.09392738342285,4051.00,4330.65"
"19.129831314086914,4029.55,4309.05"
"19.129831314086914,4008.70,4287.55"
"19.165735483169556,3987.60,4266.50"
"19.165735483169556,3966.25,4245.70"
"19.201639413833618,3945.35,4225.25"
"19.201639413833618,3925.40,4204.85"
"19.23654580116272,3906.30,4184.65"
"19.23754334449768,3888.35,4164.55"
"19.2714524269104,3872.10,4145.20"
"19.2714524269104,3857.90,4126.60"
"19.307356357574463,3844.30,4108.85"
"19.342262983322144,3831.35,4092.00"
"19.343260526657104,3818.95,4076.95"
"19.378167390823364,3808.20,4063.15"
"19.379164457321167,3800.25,4050.95"
"19.414071083068848,3792.90,4041.40"
"19.414071083068848,3785.35,4034.30"
"19.44997501373291,3777.75,4030.25"
"19.45097279548645,3769.90,4028.80"
"19.48587942123413,3762.05,4028.85"
"19.48587942123413,3755.40,4028.65"
"19.520785570144653,3750.80,4024.45"
"19.521783113479614,3748.40,4013.60"
"19.556689739227295,3747.20,3999.55"
"19.557686805725098,3745.70,3985.20"
"19.591596364974976,3743.40,3971.85"
"19.627500534057617,3739.50,3961.00"
"19.628498554229736,3733.75,3954.05"
"19.66340470314026,3726.25,3949.95"
"19.66440200805664,3717.70,3947.25"
"19.69831085205078,3709.65,3944.05"
"19.699308395385742,3700.70,3940.50"
"19.734214782714844,3690.30,3935.55"
"19.735212087631226,3677.85,3929.00"
"19.770118713378906,3663.20,3919.80"
"19.770118713378906,3649.25,3906.30"
"19.80602264404297,3636.75,3888.50"
"19.80602264404297,3625.10,3866.25"
"19.84192657470703,3613.80,3841.25"
"19.84192657470703,3601.95,3816.65"
"19.87583589553833,3588.15,3795.50"
"19.876833200454712,3572.35,3780.50"
"19.911739826202393,3555.35,3773.05"
"19.947643995285034,3538.05,3768.95"
"19.947643995285034,3521.80,3765.00"
"19.983548164367676,3506.75,3759.65"
"19.983548164367676,3493.15,3751.50"
"20.018454551696777,3480.50,3739.40"
"20.01945185661316,3467.80,3723.70"
"20.05435824394226,3453.90,3705.45"
"20.05435824394226,3439.20,3686.25"
"20.090262174606323,3424.85,3666.70"
"20.090262174606323,3411.55,3647.00"
"20.126166582107544,3399.05,3628.00"
"20.126166582107544,3386.50,3610.85"
"20.161072969436646,3373.10,3596.45"
"20.162070512771606,3359.05,3585.10"
"20.195979595184326,3345.05,3576.15"
"20.23188352584839,3331.95,3567.55"
"20.23288106918335,3319.85,3556.95"
"20.26778769493103,3308.45,3543.65"
"20.26778769493103,3296.85,3529.20"
"20.302694082260132,3284.30,3515.05"
"20.303691625595093,3271.35,3501.90"
"20.338598251342773,3258.05,3489.60"
"20.339595556259155,3244.90,3478.80"
"20.374502420425415,3232.35,3468.70"
"20.375499486923218,3220.95,3459.25"
"20.410406351089478,3210.50,3450.60"
"20.411404848098755,3200.80,3443.10"
"20.4463107585907,3191.40,3437.20"
"20.4463107585907,3182.00,3432.55"
"20.48021936416626,3172.80,3427.55"
"20.48121666908264,3165.50,3420.20"
"20.51612377166748,3159.90,3411.75"
"20.552027463912964,3155.05,3402.95"
"20.552027463912964,3150.90,3393.30"
"20.587931394577026,3147.10,3382.65"
"20.587931394577026,3142.95,3372.45"
"20.62383532524109,3139.40,3362.40"
"20.62383532524109,3137.10,3352.35"
"20.65874195098877,3136.55,3341.15"
"20.65973949432373,3137.90,3328.75"
"20.69464612007141,3140.05,3316.65"
"20.695643186569214,3141.70,3306.15"
"20.730549812316895,3142.65,3295.55"
"20.730549812316895,3143.65,3285.00"
"20.766453742980957,3144.15,3275.60"
"20.766453742980957,3144.55,3267.30"
"20.801360368728638,3145.25,3259.75"
"20.83626699447632,3146.15,3252.50"
"20.83626699447632,3147.00,3246.45"
"20.87217092514038,3146.40,3243.75"
"20.87217092514038,3143.20,3245.50"
"20.908075094223022,3138.85,3248.35"
"20.908075094223022,3135.35,3250.85"
"20.942981958389282,3132.20,3253.95"
"20.943979024887085,3129.35,3257.55"
"20.978885889053345,3126.80,3262.00"
"20.979882955551147,3123.85,3268.10"
"21.014789581298828,3120.35,3275.00"
"21.014789581298828,3116.05,3282.35"
"21.05069375038147,3111.05,3289.70"
"21.05069375038147,3106.60,3296.10"
"21.08460283279419,3104.15,3299.95"
"21.08560037612915,3103.55,3302.55"
"21.12050700187683,3103.15,3305.75"
"21.156410694122314,3102.95,3308.30"
"21.156410694122314,3103.00,3309.35"
"21.192314863204956,3103.90,3308.65"
"21.193312168121338,3105.40,3307.30"
"21.227221488952637,3108.65,3303.90"
"21.22821855545044,3114.70,3297.30"
"21.26312518119812,3122.70,3288.15"
"21.26412296295166,3130.70,3279.55"
"21.29902958869934,3137.65,3272.75"
"21.300026655197144,3144.80,3266.05"
"21.334933280944824,3153.00,3259.05"
"21.335930585861206,3162.10,3251.00"
"21.370837211608887,3172.55,3242.80"
"21.370837211608887,3185.05,3234.85"
"21.405743837356567,3199.05,3226.75"
"21.440650463104248,3213.75,3218.35"
"21.44164776802063,3228.50,3210.65"
"21.47655487060547,3242.75,3204.30"
"21.47655487060547,3257.20,3197.95"
"21.512458562850952,3273.30,3190.20"
"21.512458562850952,3290.60,3181.90"
"21.548362493515015,3308.65,3174.55"
"21.548362493515015,3325.95,3169.80"
"21.583269119262695,3342.25,3166.55"
"21.584266424179077,3358.00,3164.15"
"21.619173049926758,3373.90,3163.85"
"21.62017059326172,3390.15,3166.45"
"21.6550772190094,3407.20,3170.75"
"21.656074285507202,3425.05,3176.60"
"21.6899836063385,3442.25,3187.05"
"21.6899836063385,3456.55,3202.70"
"21.72489023208618,3468.20,3221.90"
"21.760794162750244,3477.80,3241.95"
"21.761791467666626,3485.45,3262.35"
"21.796698093414307,3491.40,3283.65"
"21.796698093414307,3496.90,3305.05"
"21.83260202407837,3502.80,3325.75"
"21.83260202407837,3508.10,3346.75"
"21.86850643157959,3511.80,3369.55"
"21.86850643157959,3513.05,3393.25"
"21.90341281890869,3513.25,3416.15"
"21.904410123825073,3513.35,3438.25"
"21.939316749572754,3513.90,3458.00"
"21.940314054489136,3515.65,3476.50"
"21.975220441818237,3516.50,3495.75"
"21.976218223571777,3515.30,3515.15"
"22.010127544403076,3512.80,3533.35"
"22.045034408569336,3509.10,3550.15"
"22.04603147506714,3504.40,3565.50"
"22.08093810081482,3499.40,3577.90"
"22.0819354057312,3496.35,3586.40"
"22.116841793060303,3495.65,3592.60"
"22.116841793060303,3495.15,3599.45"
"22.152745962142944,3493.05,3608.30"
"22.152745962142944,3491.25,3618.45"
"22.188649654388428,3489.80,3630.80"
"22.188649654388428,3488.70,3644.80"
"22.22355628013611,3488.70,3659.75"
"22.22455382347107,3489.55,3675.45"
"22.25946044921875,3492.10,3692.40"
"22.260457754135132,3495.75,3711.80"
"22.29436731338501,3499.35,3733.80"
"22.29436731338501,3503.30,3758.50"
"22.330271005630493,3508.60,3782.50"
"22.365177631378174,3516.65,3804.20"
"22.366174936294556,3527.40,3825.35"
"22.401081562042236,3539.50,3847.35"
"22.402079343795776,3553.75,3868.85"
"22.4369854927063,3570.80,3888.55"
"22.4369854927063,3590.65,3906.95"
"22.47288966178894,3612.15,3925.80"
"22.47288966178894,3635.35,3943.10"
"22.508793592453003,3661.65,3955.30"
"22.508793592453003,3691.55,3960.90"
"22.544697284698486,3722.75,3964.65"
"22.544697284698486,3753.80,3968.35"
"22.580601692199707,3784.55,3970.95"
"22.580601692199707,3815.60,3970.60"
"22.614510536193848,3847.30,3969.80"
"22.64941716194153,3878.25,3971.00"
"22.65041470527649,3909.55,3971.05"
"22.68532133102417,3942.00,3967.30"
"22.68631863594055,3974.35,3961.20"
"22.721225261688232,4004.50,3957.05"
"22.722222566604614,4031.95,3955.85"
"22.757129192352295,4057.20,3955.35"
"22.757129192352295,4081.60,3952.95"
"22.793033599853516,4106.20,3949.10"
"22.793033599853516,4131.50,3945.50"
"22.828937292099,4156.15,3942.05"
"22.828937292099,4179.35,3938.40"
"22.86384391784668,4200.55,3937.35"
"22.86484122276306,4220.45,3941.80"
"22.89875054359436,4239.75,3952.85"
"22.899747848510742,4258.60,3966.45"
"22.934654474258423,4276.65,3980.05"
"22.970558404922485,4294.25,3996.50"
"22.970558404922485,4310.45,4019.25"
"23.005465269088745,4322.95,4044.25"
"23.006462574005127,4333.05,4068.20"
"23.04136872291565,4340.50,4094.45"
"23.04236650466919,4345.80,4124.10"
"23.07727313041687,4349.15,4154.60"
"23.07727313041687,4351.20,4184.30"
"23.113176822662354,4351.55,4214.00"
"23.113176822662354,4350.40,4243.85"
"23.149080753326416,4347.40,4273.85"
"23.149080753326416,4341.40,4304.05"
"23.184984922409058,4330.20,4333.45"
"23.184984922409058,4314.80,4361.90"
"23.218894004821777,4298.40,4388.75"
"23.25479817390442,4283.40,4413.90"
"23.25479817390442,4266.15,4436.70"
"23.29070234298706,4244.65,4456.10"
"23.29070234298706,4220.65,4470.80"
"23.32560896873474,4198.00,4480.55"
"23.326606273651123,4177.05,4484.55"
"23.361512660980225,4157.25,4485.15"
"23.362510204315186,4139.85,4483.60"
"23.397416830062866,4124.65,4480.55"
"23.397416830062866,4110.40,4474.85"
"23.43332076072693,4096.70,4467.90"
"23.43332076072693,4084.65,4460.80"
"23.46922469139099,4074.55,4452.80"
"23.46922469139099,4067.05,4442.75"
"23.50313425064087,4063.00,4431.55"
"23.504131317138672,4061.80,4420.45"
"23.539037704467773,4061.40,4409.20"
"23.574941635131836,4062.95,4398.35"
"23.574941635131836,4068.00,4388.75"
"23.609848499298096,4074.10,4379.85"
"23.610845804214478,4077.55,4370.60"
"23.645752429962158,4081.25,4362.60"
"23.64674973487854,4087.85,4357.05"
"23.68165683746338,4095.50,4356.40"
"23.682653665542603,4101.55,4362.00"
"23.717560291290283,4104.90,4372.80"
"23.717560291290283,4106.20,4384.00"
"23.753464221954346,4108.05,4394.50"
"23.754462003707886,4111.00,4404.20"
"23.788370847702026,4116.65,4413.20"
"23.789368391036987,4125.30,4420.10"
"23.823277473449707,4137.10,4422.55"
"23.85918164253235,4150.40,4421.05"
"23.85918164253235,4162.55,4416.70"
"23.89508557319641,4171.65,4412.70"
"23.89508557319641,4179.25,4408.35"
"23.929992198944092,4188.65,4401.10"
"23.930989503860474,4200.10,4391.95"
"23.965896129608154,4210.35,4382.60"
"23.966893672943115,4219.45,4373.60"
"24.001800298690796,4229.75,4365.40"
"24.001800298690796,4241.85,4354.50"
"24.03770399093628,4255.45,4340.05"
"24.03770399093628,4271.95,4321.50"
"24.07360816001892,4291.35,4299.25"
"24.07360816001892,4313.30,4273.65"
"24.10751724243164,4337.40,4245.45"
"24.108514547348022,4361.60,4216.10"
"24.143421173095703,4385.35,4187.05"
"24.179325103759766,4406.60,4159.80"
"24.179325103759766,4423.60,4135.35"
"24.215229272842407,4435.35,4117.75"
"24.215229272842407,4442.80,4109.90"
"24.250135898590088,4447.70,4109.20"
"24.25113320350647,4450.50,4109.90"
"24.28603982925415,4449.50,4111.00"
"24.287037134170532,4444.55,4116.75"
"24.321943759918213,4437.05,4127.65"
"24.321943759918213,4428.90,4140.25"
"24.357847929000854,4421.00,4154.85"
"24.357847929000854,4412.65,4172.20"
"24.392755031585693,4403.75,4194.30"
"24.393751859664917,4392.95,4219.70"
"24.427661180496216,4379.30,4246.95"
"24.4635648727417,4362.65,4274.95"
"24.4635648727417,4343.50,4303.40"
"24.49946880340576,4323.20,4331.70"
"24.49946880340576,4302.65,4358.65"
"24.535372972488403,4280.70,4383.90"
"24.535372972488403,4257.35,4407.30"
"24.570279359817505,4233.70,4428.65"
"24.571276903152466,4210.25,4446.00"
"24.606184005737305,4189.20,4456.55"
"24.606184005737305,4171.75,4462.35"
"24.64208745956421,4157.15,4466.15"
"24.64208745956421,4145.55,4470.15"
"24.67799139022827,4135.30,4473.50"
"24.67799139022827,4124.70,4473.65"
"24.71190071105957,4113.75,4469.40"
"24.71289825439453,4101.75,4459.85"
"24.747804641723633,4089.60,4442.95"
"24.783709287643433,4077.20,4419.00"
"24.783709287643433,4065.35,4391.10"
"24.819612741470337,4053.35,4361.35"
"24.819612741470337,4040.85,4331.45"
"24.854519367218018,4027.50,4302.55"
"24.8555166721344,4012.75,4275.30"
"24.89042329788208,3996.45,4250.20"
"24.891420602798462,3979.50,4225.55"
"24.926327228546143,3963.10,4200.30"
"24.927324771881104,3947.45,4175.80"
"24.962231159210205,3931.90,4153.80"
"24.962231159210205,3914.45,4134.35"
"24.998135089874268,3894.80,4116.50"
"24.998135089874268,3874.80,4098.40"
"25.033042192459106,3855.25,4079.30"
"25.067948579788208,3836.85,4059.15"
"25.067948579788208,3819.70,4038.45"
"25.10385227203369,3803.45,4018.55"
"25.10385227203369,3787.00,4000.65"
"25.139756202697754,3769.35,3986.40"
"25.139756202697754,3750.00,3975.95"
"25.174662828445435,3729.45,3967.75"
"25.175660371780396,3709.35,3960.70"
"25.210566997528076,3690.25,3952.90"
"25.211564302444458,3672.45,3943.65"
"25.24647092819214,3654.85,3934.05"
"25.24746823310852,3636.95,3924.65"
"25.2823748588562,3618.90,3914.70"
"25.2823748588562,3601.60,3904.20"
"25.3162841796875,3584.30,3893.25"
"25.31827974319458,3567.55,3881.00"
"25.352188110351562,3551.55,3866.45"
"25.388092279434204,3537.00,3849.35"
"25.388092279434204,3522.35,3832.25"
"25.423995971679688,3506.25,3816.70"
"25.423995971679688,3489.00,3802.00"
"25.45990014076233,3471.35,3786.95"
"25.45990014076233,3453.80,3772.25"
"25.49480652809143,3437.50,3758.25"
"25.49580407142639,3421.85,3744.15"
"25.530710458755493,3406.90,3729.00"
"25.531708002090454,3392.20,3712.65"
"25.566614866256714,3377.00,3695.40"
"25.566614866256714,3361.75,3677.15"
"25.602518558502197,3345.95,3658.15"
"25.602518558502197,3330.45,3636.95"
"25.637425184249878,3315.75,3613.70"
"25.67233180999756,3301.25,3591.45"
"25.67233180999756,3285.35,3572.20"
"25.70823574066162,3268.65,3553.45"
"25.70923352241516,3254.25,3531.75"
"25.744139671325684,3242.60,3512.05"
"25.744139671325684,3231.45,3497.45"
"25.780044078826904,3220.85,3485.50"
"25.780044078826904,3213.25,3474.15"
"25.814950466156006,3208.25,3463.70"
"25.815947771072388,3205.40,3456.30"
"25.85085439682007,3204.55,3453.20"
"25.85185170173645,3205.55,3454.60"
"25.88675808906555,3210.00,3459.50"
"25.88675808906555,3218.45,3469.65"
"25.92166495323181,3229.95,3489.00"
"25.92166495323181,3245.60,3518.50"
"25.956571578979492,3267.05,3556.60"
"25.992475509643555,3294.35,3600.95"
"25.992475509643555,3327.10,3651.00"
"26.028379917144775,3366.35,3707.25"
"26.028379917144775,3412.20,3767.25"
"26.06428337097168,3462.35,3825.95"
"26.06428337097168,3517.20,3881.40"
"26.100187301635742,3572.20,3941.55"
"26.100187301635742,3623.95,4005.20"
"26.13509464263916,3673.35,4065.30"
"26.136091709136963,3721.65,4118.95"
"26.170998096466064,3767.15,4166.55"
"26.171995401382446,3808.95,4207.35"
"26.206902027130127,3847.35,4237.45"
"26.206902027130127,3880.30,4257.75"
"26.241808652877808,3906.35,4270.70"
"26.27671527862549,3924.70,4279.15"
"26.27771258354187,3935.85,4282.75"
"26.31261944770813,3940.70,4277.10"
"26.31361675262451,3937.40,4260.75"
"26.348523378372192,3924.30,4235.00"
"26.348523378372192,3902.60,4201.60"
"26.384427309036255,3874.30,4161.90"
"26.384427309036255,3838.45,4116.70"
"26.419333934783936,3795.85,4066.75"
"26.42033100128174,3749.20,4011.75"
"26.45523762702942,3699.40,3954.10"
"26.4562349319458,3646.15,3895.85"
"26.49114155769348,3592.15,3834.05"
"26.492139101028442,3539.65,3769.75"
"26.52604842185974,3489.75,3705.95"
"26.52604842185974,3439.55,3647.80"
"26.56195306777954,3390.65,3596.00"
"26.596859216690063,3345.30,3552.05"
"26.597856521606445,3306.95,3514.70"
"26.632763862609863,3275.50,3483.05"
"26.633760452270508,3251.10,3454.55"
"26.66866683959961,3234.15,3427.75"
"26.66866683959961,3224.55,3404.60"
"26.704570770263672,3221.20,3389.35"
"26.705568552017212,3222.90,3386.85"
"26.740474939346313,3230.50,3396.85"
"26.740474939346313,3245.05,3418.00"
"26.776379108428955,3265.30,3449.25"
"26.776379108428955,3288.85,3492.05"
"26.811285495758057,3318.80,3548.30"
"26.81228280067444,3354.40,3615.00"
"26.846192121505737,3397.30,3682.30"
"26.881099224090576,3446.65,3753.05"
"26.8820960521698,3500.80,3830.35"
"26.9170024394989,3555.35,3911.45"
"26.917999982833862,3615.00,3991.35"
"26.952906608581543,3678.40,4070.45"
"26.953903913497925,3739.50,4155.05"
"26.988810539245605,3797.10,4244.85"
"26.988810539245605,3853.30,4332.70"
"27.024714469909668,3906.90,4414.95"
"27.024714469909668,3955.95,4492.05"
"27.06061887741089,3998.40,4564.45"
"27.06061887741089,4036.65,4627.00"
"27.096522569656372,4073.70,4669.95"
"27.096522569656372,4109.10,4691.25"
"27.13043189048767,4136.95,4694.35"
"27.131429433822632,4156.45,4679.25"
"27.166335821151733,4171.55,4648.80"
"27.202239751815796,4176.95,4610.20"
"27.202239751815796,4168.45,4568.00"
"27.237146615982056,4147.00,4522.00"
"27.23814368247986,4116.25,4466.80"
"27.273050546646118,4077.40,4406.60"
"27.27404761314392,4032.90,4346.80"
"27.30895447731018,3983.75,4285.55"
"27.30995202064514,3931.10,4219.85"
"27.344858169555664,3877.45,4144.65"
"27.344858169555664,3821.30,4062.90"
"27.380762338638306,3761.25,3980.75"
"27.380762338638306,3699.85,3900.10"
"27.41666603088379,3639.30,3818.75"
"27.41666603088379,3582.20,3738.20"
"27.450575351715088,3526.60,3661.55"
"27.48647952079773,3469.50,3592.45"
"27.48747706413269,3410.70,3531.85"
"27.52238368988037,3353.10,3481.60"
"27.52238368988037,3297.65,3442.80"
"27.557290077209473,3243.25,3409.70"
"27.558287382125854,3193.05,3375.15"
"27.593194246292114,3152.15,3337.15"
"27.594191312789917,3119.80,3301.50"
"27.629097938537598,3091.85,3273.50"
"27.629097938537598,3067.05,3248.60"
"27.66500234603882,3047.10,3225.10"
"27.66500234603882,3029.75,3205.95"
"27.7009060382843,3014.70,3193.45"
"27.7009060382843,3003.50,3186.90"
"27.7348153591156,2997.40,3180.45"
"27.735812664031982,2996.90,3170.90"
"27.77072048187256,3001.30,3163.20"
"27.806622982025146,3007.85,3161.05"
"27.806622982025146,3015.15,3162.35"
"27.84252691268921,3024.20,3165.00"
"27.84252691268921,3036.65,3169.65"
"27.87843108177185,3051.55,3178.00"
"27.87843108177185,3069.65,3186.35"
"27.91333818435669,3091.30,3194.65"
"27.91433548927307,3114.35,3206.65"
"27.949241638183594,3137.85,3225.85"
"27.949241638183594,3159.80,3253.20"
"27.985145807266235,3182.50,3284.30"
"27.985145807266235,3208.70,3314.75"
"28.02104949951172,3238.00,3343.40"
"28.02104949951172,3270.30,3368.65"
"28.054958820343018,3305.40,3389.90"
"28.09086275100708,3340.45,3411.30"
"28.09186100959778,3373.95,3433.90"
"28.1267671585083,3408.30,3455.65"
"28.1267671585083,3446.90,3477.75"
"28.162670850753784,3485.05,3507.05"
"28.162670850753784,3518.20,3542.00"
"28.197577476501465,3548.25,3576.55"
"28.198574781417847,3580.65,3609.60"
"28.233481407165527,3613.50,3645.40"
"28.233481407165527,3645.60,3684.00"
"28.26938533782959,3678.85,3723.80"
"28.27038311958313,3715.15,3763.50"
"28.305289268493652,3751.90,3803.10"
"28.305289268493652,3786.30,3842.70"
"28.33919882774353,3820.75,3881.00"
"28.340196132659912,3856.60,3919.35"
"28.375102758407593,3893.40,3957.00"
"28.411006689071655,3929.35,3997.95"
"28.411006689071655,3963.50,4042.60"
"28.44691038131714,3994.65,4088.60"
"28.44691038131714,4027.55,4132.05"
"28.48281455039978,4062.65,4172.40"
"28.48281455039978,4096.65,4209.90"
"28.51772117614746,4124.90,4243.00"
"28.518718481063843,4148.65,4265.55"
"28.553625106811523,4172.30,4281.00"
"28.554622411727905,4194.85,4295.25"
"28.589529037475586,4211.90,4307.45"
"28.589529037475586,4226.85,4316.00"
"28.625433206558228,4241.40,4326.55"
"28.625433206558228,4249.85,4337.05"
"28.660339832305908,4249.10,4343.50"
"28.69524645805359,4244.70,4344.10"
"28.69524645805359,4236.75,4341.20"
"28.731150150299072,4225.15,4334.45"
"28.731150150299072,4209.35,4319.65"
"28.767054319381714,4191.50,4297.20"
"28.767054319381714,4170.05,4269.70"
"28.802958011627197,4142.65,4241.50"
"28.802958011627197,4112.05,4213.15"
"28.837864637374878,4077.30,4182.55"
"28.83886218070984,4039.80,4150.25"
"28.87376880645752,4000.30,4121.75"
"28.87476658821106,3958.25,4100.80"
"28.90967321395874,3914.40,4084.75"
"28.90967321395874,3869.65,4068.90"
"28.94358229637146,3826.10,4051.20"
"28.944579362869263,3784.90,4033.85"
"28.979485988616943,3742.65,4016.70"
"29.015389919281006,3698.70,3993.70"
"29.016387224197388,3657.30,3966.10"
"29.051294326782227,3620.40,3938.80"
"29.05229163169861,3584.20,3913.70"
"29.08719801902771,3551.30,3886.70"
"29.08719801902771,3521.70,3858.40"
"29.123101949691772,3492.70,3832.45"
"29.123101949691772,3461.95,3810.60"
"29.158008575439453,3432.25,3788.80"
"29.159005880355835,3405.20,3764.25"
"29.193912506103516,3379.55,3737.90"
"29.194910049438477,3354.00,3712.65"
"29.229816436767578,3327.10,3687.95"
"29.229816436767578,3298.60,3660.80"
"29.264723300933838,3271.10,3628.70"
"29.29962992668152,3246.65,3592.90"
"29.3006272315979,3224.70,3559.05"
"29.33553433418274,3202.85,3528.30"
"29.33653211593628,3180.55,3498.65"
"29.371437788009644,3160.95,3469.10"
"29.371437788009644,3142.95,3444.70"
"29.407341480255127,3126.70,3427.55"
"29.407341480255127,3113.40,3413.95"
"29.443245887756348,3106.65,3396.85"
"29.443245887756348,3107.70,3377.95"
"29.47815227508545,3112.95,3361.40"
"29.47914981842041,3122.85,3346.55"
"29.51405620574951,3135.80,3339.10"
"29.515053510665894,3149.90,3342.95"
"29.548962831497192,3168.10,3355.50"
"29.548962831497192,3192.50,3376.80"
"29.584866762161255,3220.45,3408.55"
"29.619773387908936,3250.30,3450.85"
"29.620770931243896,3283.85,3501.00"
"29.655677556991577,3320.90,3558.75"
"29.65667486190796,3360.15,3622.70"
"29.69158124923706,3405.30,3688.05"
"29.69158124923706,3458.30,3754.45"
"29.727485418319702,3513.50,3820.35"
"29.727485418319702,3566.80,3883.00"
"29.762391805648804,3620.10,3939.15"
"29.763389110565186,3670.50,3988.15"
"29.798295736312866,3716.30,4026.40"
"29.799293279647827,3755.45,4057.65"
"29.834200143814087,3785.25,4088.70"
"29.83519744873047,3804.05,4114.65"
"29.869107007980347,3813.00,4132.00"
"29.904013633728027,3816.95,4137.45"
"29.90501070022583,3815.15,4135.45"
"29.93991708755493,3804.65,4127.90"
"29.940914630889893,3785.50,4108.20"
"29.975821018218994,3770.25,4070.10"
"29.975821018218994,3756.85,4027.40"
"30.011724948883057,3741.40,3983.15"
"30.011724948883057,3725.15,3934.50"
"30.0476291179657,3710.45,3880.75"
"30.0476291179657,3693.80,3827.30"
"30.08353328704834,3671.75,3780.50"
"30.08353328704834,3647.55,3746.55"
"30.11843967437744,3626.50,3728.35"
"30.119436979293823,3609.65,3720.25"
"30.153346300125122,3595.35,3719.10"
"30.153346300125122,3584.30,3728.75"
"30.189250230789185,3579.60,3751.50"
"30.224157094955444,3584.50,3779.55"
"30.225154399871826,3603.90,3815.15"
"30.260061025619507,3630.15,3859.35"
"30.26105809211731,3657.95,3906.65"
"30.29596495628357,3690.20,3949.15"
"30.29696226119995,3726.10,3986.50"
"30.331868886947632,3760.10,4022.20"
"30.331868886947632,3784.25,4056.30"
"30.367772579193115,3802.75,4080.90"
"30.367772579193115,3814.80,4100.90"
"30.403676748275757,3817.90,4119.00"
"30.403676748275757,3811.30,4135.40"
"30.4395809173584,3799.85,4145.05"
"30.4395809173584,3786.15,4143.85"
"30.473489999771118,3769.70,4129.90"
"30.5083966255188,3745.55,4101.35"
"30.50939393043518,3714.20,4060.95"
"30.54430055618286,3681.50,4010.35"
"30.545297861099243,3648.30,3952.75"
"30.580204486846924,3610.00,3889.65"
"30.581202030181885,3563.60,3821.05"
"30.616108655929565,3507.60,3748.95"
"30.616108655929565,3446.35,3678.70"
"30.65201234817505,3383.00,3613.70"
"30.653010368347168,3320.60,3545.40"
"30.68791651725769,3264.70,3476.80"
"30.68791651725769,3214.15,3419.90"
"30.723820209503174,3166.20,3376.00"
"30.723820209503174,3120.15,3338.85"
"30.75772976875305,3080.45,3305.20"
"30.758727073669434,3050.60,3279.35"
"30.793633699417114,3030.25,3262.40"
"30.829537868499756,3013.75,3251.20"
"30.830535888671875,3004.25,3240.40"
"30.864444255828857,3003.35,3229.00"
"30.86544156074524,3011.25,3223.05"
"30.90034818649292,3027.25,3224.35"
"30.9013454914093,3047.40,3236.35"
"30.936252117156982,3071.20,3261.60"
"30.936252117156982,3099.25,3297.10"
"30.972156763076782,3130.85,3340.65"
"30.972156763076782,3165.95,3390.65"
"31.008060216903687,3206.75,3443.65"
"31.008060216903687,3256.15,3500.40"
"31.04396414756775,3313.30,3567.95"
"31.04396414756775,3370.20,3642.75"
"31.077873468399048,3428.85,3715.70"
"31.11377763748169,3489.00,3788.05"
"31.11377763748169,3553.75,3859.95"
"31.149681329727173,3622.75,3932.50"
"31.149681329727173,3693.00,4005.15"
"31.184587717056274,3764.60,4077.55"
"31.185585498809814,3835.05,4149.85"
"31.220492124557495,3900.20,4224.05"
"31.221489429473877,3960.25,4300.25"
"31.25639581680298,4015.60,4375.85"
"31.25639581680298,4065.10,4450.30"
"31.29229974746704,4109.85,4520.80"
"31.29229974746704,4149.15,4584.35"
"31.328203678131104,4183.75,4640.70"
"31.328203678131104,4217.40,4689.50"
"31.36211323738098,4251.15,4730.05"
"31.363110303878784,4283.75,4765.55"
"31.398016929626465,4310.60,4795.30"
"31.433921098709106,4331.75,4817.25"
"31.434919118881226,4349.80,4828.95"
"31.468827724456787,4365.25,4835.10"
"31.46982502937317,4376.75,4843.35"
"31.50473189353943,4381.95,4854.75"
"31.50572919845581,4381.20,4862.65"
"31.540635585784912,4377.00,4864.05"
"31.541633367538452,4368.45,4861.50"
"31.576539754867554,4358.60,4859.80"
"31.576539754867554,4347.40,4858.95"
"31.612443685531616,4335.60,4857.10"
"31.613441467285156,4325.15,4852.65"
"31.647350311279297,4316.05,4847.20"
"31.64834761619568,4309.05,4840.95"
"31.682256937026978,4304.25,4831.60"
"31.71816062927246,4302.65,4819.80"
"31.71816062927246,4301.35,4808.55"
"31.75406527519226,4298.65,4798.85"
"31.75406527519226,4294.65,4789.10"
"31.789969205856323,4290.50,4778.90"
"31.789969205856323,4284.30,4770.90"
"31.825872659683228,4276.70,4768.60"
"31.825872659683228,4269.35,4768.45"
"31.860779285430908,4264.70,4765.60"
"31.86177682876587,4262.15,4760.00"
"31.89668321609497,4260.10,4756.30"
"31.89668321609497,4256.80,4755.05"
"31.932587385177612,4253.10,4753.05"
"31.932587385177612,4250.25,4747.90"
"31.966496467590332,4249.45,4739.60"
"31.967494010925293,4250.20,4729.75"
"32.00240087509155,4251.45,4718.45"
"32.038304567337036,4252.35,4704.75"
"32.038304567337036,4252.65,4690.10"
"32.073211431503296,4252.20,4677.80"
"32.0742084980011,4250.00,4669.30"
"32.1091148853302,4246.70,4663.55"
"32.11011242866516,4243.10,4658.85"
"32.14501881599426,4239.30,4654.95"
"32.1460165977478,4235.35,4652.25"
"32.18092346191406,4231.45,4651.60"
"32.18192100524902,4228.20,4653.60"
"32.216827154159546,4225.80,4657.40"
"32.21782565116882,4224.10,4661.00"
"32.252731800079346,4224.35,4663.65"
"32.252731800079346,4227.45,4664.90"
"32.28664016723633,4232.60,4664.80"
"32.32254409790039,4238.35,4664.35"
"32.32254409790039,4243.70,4664.55"
"32.35844802856445,4247.15,4666.45"
"32.35844802856445,4248.15,4670.90"
"32.394352197647095,4246.90,4678.35"
"32.394352197647095,4245.10,4687.45"
"32.429258823394775,4244.45,4695.60"
"32.43025612831116,4245.25,4701.75"
"32.46516275405884,4247.10,4706.30"
"32.46616005897522,4249.20,4708.90"
"32.5010666847229,4251.60,4708.95"
"32.5010666847229,4254.55,4706.55"
"32.53697085380554,4257.95,4702.05"
"32.53697085380554,4262.20,4695.20"
"32.57087993621826,4266.90,4686.75"
"32.57187747955322,4271.30,4677.70"
"32.6067841053009,4275.55,4668.20"
"32.642688274383545,4278.25,4658.50"
"32.642688274383545,4278.35,4649.35"
"32.67859196662903,4276.85,4641.40"
"32.67859196662903,4275.50,4634.50"
"32.71349859237671,4274.80,4628.05"
"32.71449565887451,4274.95,4622.25"
"32.74940228462219,4275.75,4616.85"
"32.75039982795715,4277.25,4609.80"
"32.78530693054199,4279.50,4599.85"
"32.786303997039795,4282.65,4586.15"
"32.8212103843689,4286.40,4568.60"
"32.8212103843689,4288.85,4553.05"
"32.85711431503296,4289.30,4542.45"
"32.85711431503296,4288.70,4533.60"
"32.89202117919922,4288.30,4519.60"
"32.92692828178406,4288.60,4504.15"
"32.92792534828186,4288.15,4490.40"
"32.96283173561096,4287.70,4475.30"
"32.96283173561096,4287.20,4459.45"
"32.998735666275024,4284.95,4445.00"
"32.999732971191406,4280.45,4432.80"
"33.03463959693909,4276.00,4423.05"
"33.03463959693909,4271.95,4414.60"
"33.06954598426819,4267.60,4405.40"
"33.07054352760315,4263.15,4394.55"
"33.10544991493225,4259.25,4382.85"
"33.10644769668579,4256.10,4371.50"
"33.14135408401489,4253.70,4361.70"
"33.14235210418701,4250.15,4354.40"
"33.17626070976257,4243.35,4351.85"
"33.177258253097534,4234.00,4354.30"
"33.212164878845215,4225.50,4355.30"
"33.247071266174316,4220.15,4351.95"
"33.2480685710907,4216.85,4347.85"
"33.28297519683838,4213.75,4350.25"
"33.28297519683838,4209.25,4355.65"
"33.31887912750244,4204.35,4360.55"
"33.31887912750244,4198.85,4366.60"
"33.35478329658508,4193.45,4372.80"
"33.35478329658508,4189.65,4377.65"
"33.390687227249146,4188.70,4380.50"
"33.390687227249146,4188.85,4380.75"
"33.425594091415405,4189.00,4379.15"
"33.42659115791321,4189.05,4377.60"
"33.461498737335205,4188.85,4377.45"
"33.461498737335205,4188.25,4377.95"
"33.49540710449219,4187.70,4377.50"
"33.53131103515625,4187.20,4375.95"
"33.53230857849121,4187.50,4374.35"
"33.56721520423889,4188.95,4373.40"
"33.56821250915527,4190.55,4373.00"
"33.603119134902954,4191.30,4372.60"
"33.603119134902954,4191.05,4371.95"
"33.63902306556702,4190.20,4371.55"
"33.63902306556702,4189.30,4371.70"
"33.67492699623108,4188.95,4372.00"
"33.67492699623108,4189.20,4371.85"
"33.7098343372345,4189.80,4371.40"
"33.71083116531372,4190.30,4371.10"
"33.74573755264282,4190.50,4371.15"
"33.746734857559204,4190.20,4371.45"
"33.7806441783905,4189.55,4371.90"
"33.781641721725464,4189.10,4372.25"
"33.816548109054565,4189.05,4372.15"
"33.851454734802246,4189.40,4371.70"
"33.85245203971863,4189.95,4371.10"
"33.88735866546631,4190.20,4370.75"
"33.88835620880127,4190.00,4370.85"
"33.92326283454895,4189.35,4371.30"
"33.92326283454895,4188.70,4371.65"
"33.95916724205017,4188.45,4371.70"
"33.96016454696655,4188.70,4371.45"
"33.995070695877075,4189.30,4370.95"
"33.995070695877075,4190.00,4370.60"
"34.02997708320618,4190.35,4370.60"
"34.03097462654114,4190.15,4370.95"
"34.06588101387024,4189.65,4371.55"
"34.06687879562378,4189.20,4372.05"
"34.1007878780365,4189.15,4372.10"
"34.13569450378418,4189.50,4371.70"
"34.13669180870056,4190.05,4371.25"
"34.17159843444824,4190.35,4371.00"
"34.172595739364624,4190.30,4371.15"
"34.207502365112305,4189.90,4371.70"
"34.207502365112305,4189.50,4372.20"
"34.243406534194946,4189.35,4372.35"
"34.243406534194946,4189.65,4372.10"
"34.27931022644043,4190.20,4371.55"
"34.27931022644043,4190.75,4370.95"
"34.31521463394165,4190.85,4370.75"
"34.31521463394165,4190.40,4370.95"
"34.35012102127075,4189.65,4371.25"
"34.35111856460571,4189.00,4371.40"
"34.38502740859985,4188.70,4371.05"
"34.386025190353394,4188.95,4370.35"
"34.420931577682495,4189.50,4369.60"
"34.455838441848755,4189.80,4369.10"
"34.45683550834656,4189.65,4369.05"
"34.49174213409424,4189.15,4369.30"
"34.4927396774292,4188.60,4369.60"
"34.52764630317688,4188.35,4369.50"
"34.52764630317688,4188.60,4368.95"
"34.56355023384094,4189.10,4368.20"
"34.564547538757324,4189.55,4367.75"
"34.598456621170044,4189.60,4367.80"
"34.599454164505005,4189.20,4368.30"
"34.63535785675049,4188.60,4368.85"
"34.63535785675049,4188.25,4369.15"
"34.67026448249817,4188.30,4368.95"
"34.67126226425171,4188.85,4368.40"
"34.70517182350159,4189.60,4367.80"
"34.74107527732849,4190.05,4367.60"
"34.74107527732849,4189.95,4367.90"
"34.77697944641113,4189.45,4368.50"
"34.77697944641113,4188.85,4369.05"
"34.811885833740234,4188.55,4369.20"
"34.812883138656616,4188.90,4368.95"
"34.8477897644043,4189.55,4368.50"
"34.8477897644043,4190.10,4368.30"
"34.88369393348694,4190.25,4368.55"
"34.88369393348694,4189.90,4369.20"
"34.919597864151,4189.25,4370.00"
"34.919597864151,4188.70,4370.50"
"34.95550203323364,4188.60,4370.40"
"34.95550203323364,4188.95,4369.85"
"34.98941111564636,4189.40,4369.35"
"34.99040865898132,4189.55,4369.30"
"35.025314807891846,4189.15,4369.80"
"35.060221672058105,4188.40,4370.65"
"35.06121897697449,4187.65,4371.35"
"35.096126079559326,4187.20,4371.65"
"35.09712314605713,4187.35,4371.35"
"35.13203048706055,4187.85,4370.80"
"35.13302731513977,4188.30,4370.50"
"35.16793370246887,4188.30,4370.60"
"35.168931007385254,4187.75,4371.10"
"35.203837394714355,4186.90,4371.70"
"35.204835414886475,4186.30,4372.05"
"35.239741563797,4186.20,4371.85"
"35.239741563797,4186.55,4371.20"
"35.27564549446106,4187.05,4370.55"
"35.27564549446106,4187.30,4370.30"
"35.30955481529236,4187.10,4370.50"
"35.3464572429657,4186.45,4371.00"
"35.34745478630066,4185.75,4371.40"
"35.38136339187622,4185.50,4371.30"
"35.3823606967926,4185.80,4370.70"
"35.417266607284546,4186.50,4369.90"
"35.417266607284546,4187.10,4369.35"
"35.45217323303223,4187.20,4369.30"
"35.45317077636719,4186.80,4369.65"
"35.48807740211487,4186.15,4370.15"
"35.48907446861267,4185.70,4370.35"
"35.52398133277893,4185.75,4370.05"
"35.52398133277893,4186.30,4369.45"
"35.55988526344299,4187.05,4368.90"
"35.56088376045227,4187.45,4368.65"
"35.59379458427429,4187.40,4368.85"
"35.594791889190674,4186.95,4369.30"
"35.629698276519775,4186.45,4369.65"
"35.66560220718384,4186.35,4369.60"
"35.66560220718384,4186.75,4369.10"
"35.70150637626648,4187.45,4368.50"
"35.70150637626648,4188.05,4368.10"
"35.73741054534912,4188.20,4368.15"
"35.73741054534912,4187.85,4368.60"
"35.7723171710968,4187.25,4369.15"
"35.773314476013184,4186.85,4369.40"
"35.808220863342285,4187.00,4369.20"
"35.809218406677246,4187.65,4368.65"
"35.84412503242493,4188.45,4368.20"
"35.84412503242493,4188.95,4368.15"
"35.88002943992615,4189.00,4368.60"
"35.88002943992615,4188.60,4369.30"
"35.91393828392029,4188.15,4369.85"
"35.94984221458435,4188.05,4370.00"
"35.95084023475647,4188.50,4369.75"
"35.98574614524841,4189.20,4369.30"
"35.98574614524841,4189.80,4369.05"
"36.021650075912476,4190.00,4369.30"
"36.021650075912476,4189.65,4369.90"
"36.056557178497314,4189.10,4370.60"
"36.057554483413696,4188.75,4370.90"
"36.092461824417114,4188.90,4370.80"
"36.09345889091492,4189.50,4370.35"
"36.12836456298828,4190.20,4370.00"
"36.12936186790466,4190.60,4369.95"
"36.164268493652344,4190.50,4370.40"
"36.164268493652344,4189.95,4371.05"
"36.1981782913208,4189.40,4371.55"
"36.1991753578186,4189.20,4371.55"
"36.234081745147705,4189.50,4371.10"
"36.269986152648926,4190.10,4370.50"
"36.269986152648926,4190.60,4370.20"
"36.30588984489441,4190.75,4370.40"
"36.30588984489441,4190.50,4370.95"
"36.34179377555847,4190.05,4371.55"
"36.34179377555847,4189.90,4371.80"
"36.37670063972473,4190.20,4371.50"
"36.377697706222534,4190.90,4370.75"
"36.412604331970215,4191.70,4370.05"
"36.413601875305176,4192.20,4369.65"
"36.448508501052856,4192.15,4369.85"
"36.448508501052856,4191.70,4370.20"
"36.48441243171692,4191.20,4370.55"
"36.48441243171692,4191.00,4370.60"
"36.51931881904602,4191.25,4370.40"
"36.5542254447937,4191.90,4370.10"
"36.5542254447937,4192.65,4370.00"
"36.590129375457764,4193.10,4370.35"
"36.590129375457764,4193.25,4371.05"
"36.626033782958984,4193.35,4371.75"
"36.626033782958984,4193.60,4372.10"
"36.660940408706665,4194.20,4371.85"
"36.66193747520447,4195.10,4371.20"
"36.69684410095215,4195.95,4370.55"
"36.69784140586853,4196.45,4370.30"
"36.73374557495117,4196.25,4370.60"
"36.73374557495117,4195.65,4371.30"
"36.768651723861694,4195.05,4371.95"
"36.768651723861694,4194.80,4372.15"
"36.803558588027954,4195.10,4371.95"
"36.803558588027954,4195.70,4371.50"
"36.838465213775635,4196.20,4371.30"
"36.874369859695435,4196.30,4371.45"
"36.874369859695435,4195.85,4371.80"
"36.91027355194092,4195.20,4372.10"
"36.91127133369446,4194.65,4371.95"
"36.9461772441864,4194.45,4371.40"
"36.9461772441864,4194.50,4370.60"
"36.98108386993408,4194.45,4369.95"
"36.982080936431885,4194.00,4369.70"
"37.016987562179565,4193.10,4369.90"
"37.017985105514526,4191.95,4370.40"
"37.052892446517944,4190.95,4370.80"
"37.052892446517944,4190.40,4370.85"
"37.08879613876343,4190.35,4370.45"
"37.08879613876343,4190.65,4369.85"
"37.12370276451111,4190.95,4369.40"
"37.15860891342163,4190.80,4369.45"
"37.15960645675659,4190.25,4369.90"
"37.19451308250427,4189.45,4370.40"
"37.19451308250427,4188.90,4370.70"
"37.230417013168335,4188.80,4370.50"
"37.230417013168335,4189.15,4370.05"
"37.2663209438324,4189.70,4369.65"
"37.2663209438324,4190.00,4369.60"
"37.30222487449646,4189.75,4370.00"
"37.30222487449646,4189.05,4370.65"
"37.33713150024414,4188.40,4371.15"
"37.33812880516052,4188.15,4371.20"
"37.3730354309082,4188.35,4370.85"
"37.374032974243164,4188.80,4370.40"
"37.407942056655884,4189.20,4370.15"
"37.407942056655884,4189.10,4370.35"
"37.443846225738525,4188.50,4370.95"
"37.478752851486206,4187.70,4371.60"
"37.47974991798401,4187.15,4372.00"
"37.51465654373169,4187.05,4371.95"
"37.51465654373169,4187.45,4371.60"
"37.55056047439575,4187.95,4371.30"
"37.55056047439575,4188.25,4371.35"
"37.58646488189697,4188.00,4371.80"
"37.58646488189697,4187.40,4372.50"
"37.621371030807495,4186.80,4373.05"
"37.622368812561035,4186.60,4373.20"
"37.65727519989014,4186.95,4372.90"
"37.6582727432251,4187.55,4372.45"
"37.69317936897278,4188.05,4372.20"
"37.6941773891449,4188.10,4372.40"
"37.72808599472046,4187.70,4372.90"
"37.76299238204956,4187.10,4373.45"
"37.76398968696594,4186.75,4373.70"
"37.79889631271362,4186.85,4373.55"
"37.79889631271362,4187.40,4373.05"
"37.834800481796265,4188.10,4372.55"
"37.834800481796265,4188.55,4372.45"
"37.87070441246033,4188.50,4372.75"
"37.87070441246033,4188.05,4373.35"
"37.90660834312439,4187.60,4373.80"
"37.90660834312439,4187.50,4373.75"
"37.94151496887207,4187.85,4373.25"
"37.94251251220703,4188.55,4372.65"
"37.97741889953613,4189.20,4372.25"
"37.978416442871094,4189.35,4372.25"
"38.01232552528381,4189.00,4372.60"
"38.01232552528381,4188.40,4373.00"
"38.048229455947876,4188.15,4373.15"
"38.08313608169556,4188.35,4372.80"
"38.08413338661194,4189.05,4372.10"
"38.11904001235962,4189.85,4371.50"
"38.11904001235962,4190.35,4371.35"
"38.15494394302368,4190.30,4371.70"
"38.15494394302368,4189.85,4372.20"
"38.19084811210632,4189.40,4372.55"
"38.19084811210632,4189.35,4372.50"
"38.225754737854004,4189.70,4372.05"
"38.226752281188965,4190.35,4371.50"
"38.261658668518066,4190.90,4371.10"
"38.26265597343445,4190.95,4371.15"
"38.29756259918213,4190.50,4371.65"
"38.29855990409851,4189.85,4372.30"
"38.33246922492981,4189.35,4372.60"
"38.36737608909607,4189.30,4372.40"
"38.36837315559387,4189.75,4371.90"
"38.40327978134155,4190.30,4371.50"
"38.404277324676514,4190.60,4371.55"
"38.439183712005615,4190.30,4371.95"
"38.439183712005615,4189.70,4372.65"
"38.47508764266968,4189.05,4373.25"
"38.47508764266968,4188.80,4373.40"
"38.5109920501709,4189.05,4373.00"
"38.5109920501709,4189.65,4372.40"
"38.5458984375,4190.20,4372.05"
"38.54689598083496,4190.25,4372.20"
"38.58180260658264,4189.75,4372.75"
"38.582799673080444,4189.15,4373.30"
"38.61670923233032,4188.75,4373.55"
"38.61670923233032,4188.85,4373.30"
"38.652612924575806,4189.45,4372.70"
"38.687519550323486,4190.20,4372.15"
"38.68851685523987,4190.65,4371.95"
"38.72342348098755,4190.60,4372.20"
"38.72342348098755,4190.15,4372.80"
"38.75932741165161,4189.65,4373.25"
"38.75932741165161,4189.55,4373.20"
"38.79523158073425,4189.95,4372.65"
"38.79523158073425,4190.65,4372.05"
"38.831135511398315,4191.25,4371.60"
"38.831135511398315,4191.40,4371.60"
"38.866042137145996,4191.00,4372.00"
"38.86703944206238,4190.40,4372.45"
"38.90194630622864,4190.00,4372.60"
"38.90294361114502,4190.05,4372.35"
"38.93685340881348,4190.55,4371.75"
"38.97175931930542,4191.20,4371.10"
"38.97275686264038,4191.45,4370.75"
"39.0076630115509,4191.20,4370.85"
"39.008660554885864,4190.50,4371.20"
"39.04356813430786,4189.70,4371.40"
"39.04356813430786,4189.20,4371.20"
"39.07947111129761,4189.15,4370.55"
"39.080469369888306,4189.40,4369.70"
"39.11437773704529,4189.60,4368.95"
"39.11537504196167,4189.40,4368.55"
"39.15127921104431,4188.70,4368.55"
"39.15127921104431,4187.70,4368.65"
"39.18618583679199,4186.95,4368.45"
"39.187183141708374,4186.65,4367.95"
"39.22109270095825,4186.80,4367.10"
"39.22109270095825,4187.10,4366.20"
"39.256996393203735,4187.15,4365.60"
"39.291903257369995,4186.65,4365.55"
"39.2929003238678,4185.70,4365.65"
"39.32780694961548,4184.80,4365.65"
"39.32880425453186,4184.25,4365.15"
"39.36371088027954,4184.30,4364.25"
"39.36371088027954,4184.60,4363.05"
"39.39961504936218,4184.80,4362.30"
"39.39961504936218,4184.60,4362.00"
"39.43452167510986,4183.90,4362.05"
"39.435518741607666,4183.05,4362.15"
"39.47142267227173,4182.40,4361.95"
"39.47142267227173,4182.20,4361.35"
"39.50632929801941,4182.50,4360.50"
"39.50732707977295,4182.95,4359.65"
"39.54123640060425,4183.20,4359.10"
"39.57614254951477,4182.90,4359.05"
"39.57714033126831,4182.20,4359.15"
"39.61204695701599,4181.45,4359.20"
"39.61304426193237,4181.05,4358.90"
"39.647950649261475,4181.15,4358.30"
"39.648947954177856,4181.60,4357.35"
"39.683854818344116,4182.05,4356.70"
"39.683854818344116,4182.00,4356.50"
"39.7197585105896,4181.45,4356.85"
"39.7197585105896,4180.70,4357.30"
"39.75466513633728,4180.15,4357.70"
"39.75566267967224,4180.15,4357.45"
"39.79056930541992,4180.65,4356.85"
"39.79156708717346,4181.35,4356.25"
"39.82547569274902,4181.80,4356.05"
"39.82547569274902,4181.75,4356.35"
"39.861379623413086,4181.35,4356.95"
"39.89628624916077,4180.85,4357.40"
"39.89728355407715,4180.75,4357.50"
"39.93219065666199,4181.10,4357.20"
"39.93318748474121,4181.75,4356.65"
"39.96809411048889,4182.30,4356.30"
"39.96909165382385,4182.45,4356.40"
"40.00399827957153,4182.10,4356.90"
"40.00399827957153,4181.50,4357.45"
"40.039902210235596,4181.10,4357.75"
"40.039902210235596,4181.20,4357.50"
"40.07580614089966,4181.80,4357.00"
"40.07580614089966,4182.55,4356.50"
"40.110713720321655,4183.00,4356.45"
"40.11171078681946,4182.95,4356.75"
"40.14561939239502,4182.55,4357.35"
"40.18152356147766,4182.15,4357.85"
"40.18152356147766,4182.05,4357.90"
"40.2164306640625,4182.40,4357.50"
"40.2174277305603,4183.05,4356.95"
"40.25233435630798,4183.55,4356.60"
"40.253331422805786,4183.60,4356.75"
